<?xml version="1.0" encoding="UTF-8"?>
<!-- NOTE : Format for RULEID : <RuleID>%category%_RuleNumber</RuleID> -->
<BPMRulesList>
<Category>TEK_DEFINED_RULES</Category>
  <Rule>
    <RuleID>TEK_Rule1</RuleID>
    <RuleName>List Process steps that are missing Input and Output</RuleName>
  </Rule>
  <Rule>
    <RuleID>TEK_Rule2</RuleID>
    <RuleName>List the pools used in the Process</RuleName>
  </Rule>
  <Rule>
    <RuleID>TEK_Rule3</RuleID>
    <RuleName>List Logical Servers used in the Process</RuleName>
  </Rule>
  <Rule>
    <RuleID>TEK_Rule4</RuleID>
    <RuleName>List Reference Process used in the Process</RuleName>
  </Rule>
  <Rule>
    <RuleID>TEK_Rule5</RuleID>
    <RuleName>List Correlation used in the Process</RuleName>
  </Rule>
  <Rule>
    <RuleID>TEK_Rule6</RuleID>
    <RuleName>List Terminate Step used in the Process</RuleName>
  </Rule>
  <Rule>
    <RuleID>TEK_Rule7</RuleID>
    <RuleName>List time_out details in the process</RuleName>
  </Rule>
  <Rule>
    <RuleID>TEK_Rule8</RuleID>
    <RuleName>Does Integration Logic exists in generated step service?</RuleName>
  </Rule>
  <Rule>
    <RuleID>TEK_Rule9</RuleID>
    <RuleName>Process Steps with Try/Catch block</RuleName>
  </Rule>
  <Rule>
    <RuleID>TEK_Rule10</RuleID>
    <RuleName>Process Steps using pub.prt.log:logCustomId</RuleName>
  </Rule>
  <Rule>
    <RuleID>TEK_Rule11</RuleID>
    <RuleName>Process Steps using pub.prt.log:logActivityMessages</RuleName>
  </Rule>
  <Rule>
    <RuleID>TEK_Rule12</RuleID>
    <RuleName>List Process Steps whose Input/output mismatches with generated service Input/output</RuleName>
  </Rule>
  <Rule>
    <RuleID>TEK_Rule13</RuleID>
    <RuleName>Does Error handler Step Exists in Process?</RuleName>
  </Rule>
  <Rule>
    <RuleID>TEK_Rule14</RuleID>
    <RuleName>Is Default Transition is defined for Gateway step?</RuleName>
  </Rule>
</BPMRulesList>
