<?xml version="1.0"?>
<RuleList>
  <Category>Flow Service Validations</Category>
  <Rule>
    <RuleID>TEK_IS_Rule_1</RuleID>
    <RuleName>Scan for disable steps</RuleName>
	<Description>Check for the steps which are disable in the services</Description>
    <isReport>true</isReport>
  </Rule>
  <Rule>
    <RuleID>TEK_IS_Rule_2</RuleID>
    <RuleName>Scan for non-standard services</RuleName>
    <Description>Check for the services invoking specified services</Description>
    <AttributeList>
      <AttValue>pub.file:getFile,</AttValue>
    </AttributeList>
    <isReport>true</isReport>
  </Rule>
  <Rule>
    <RuleID>TEK_IS_Rule_4</RuleID>
    <RuleName>Service preserve value in ClearPipeline step and output pipeline should match</RuleName>
	<isReport>true</isReport>
  </Rule>
  <Rule>
    <RuleID>TEK_IS_Rule_5</RuleID>
    <RuleName>Lookup for hard-coding values at service level</RuleName>
    <Description>Check for the services which have hard coding in internal steps</Description>
    <isReport>true</isReport>
  </Rule>
  <Rule>
    <RuleID>TEK_IS_Rule_7</RuleID>
    <RuleName>Scan for Unresolved dependencies at service level</RuleName>
	<Description>Check for the services which invokes services whose reference is missing</Description>
  </Rule>
  <Rule>
    <RuleID>TEK_IS_Rule_8</RuleID>
    <RuleName>Scan for service level comments</RuleName>
  </Rule>
  <Rule>
    <RuleID>TEK_IS_Rule_9</RuleID>
    <RuleName>Usage of SOAP 1.2 protocol for webservice provider</RuleName>
    <AttributeList>
      <AttValue>SOAP 1.2 Protocol</AttValue>
    </AttributeList>
  </Rule>
  <Rule>
    <RuleID>TEK_IS_Rule_13</RuleID>
    <RuleName>Input &amp;  Output signature defined for Services</RuleName>
  </Rule>
  <Rule>
    <RuleID>TEK_IS_Rule_14</RuleID>
    <RuleName>Disable Pipeline debug for the service ?</RuleName>
  </Rule>
  <Rule>
    <RuleID>TEK_IS_Rule_15</RuleID>
    <RuleName>Variable names in Camel case ?</RuleName>
    <isReport>true</isReport>
  </Rule>
  <Rule>
    <RuleID>TEK_IS_Rule_16</RuleID>
    <RuleName>Lookup for usage of system defined variable names ?</RuleName>
    <AttributeList>
      <AttValue>test,temp,tmp,check,</AttValue>
    </AttributeList>
  </Rule>
  <Rule>
    <RuleID>TEK_IS_Rule_18</RuleID>
    <RuleName>Naming Convention: Top level Folder &amp; package name must be same</RuleName>
  </Rule>
  <Rule>
    <RuleID>TEK_IS_Rule_21</RuleID>
    <RuleName>Validate Try/Catch Sequence at Service Level</RuleName>
  </Rule>
  <Rule>
    <RuleID>TEK_IS_Rule_22</RuleID>
    <RuleName>Check Cached Services</RuleName>
  </Rule>
  <Rule>
    <RuleID>TEK_IS_Rule_23</RuleID>
    <RuleName>Check Dropped Variables</RuleName>
  </Rule>
  <Rule>
    <RuleID>TEK_IS_Rule_28</RuleID>
    <RuleName>Check whether any BIGDecimal is being used in JDBC Services</RuleName>
  </Rule>
  <Rule>
    <RuleID>TEK_IS_Rule_30</RuleID>
    <RuleName>Check whether Transaction Management Steps Uses &quot;Transaction Name&quot; </RuleName>
  </Rule>
</RuleList>
<RuleList>
  <Category>Step level Property Validation</Category>
  <Rule>
    <RuleID>TEK_IS_Rule_20</RuleID>
    <RuleName>Failure Message exists for Exit on Failure step?</RuleName>
  </Rule>
  <Rule>
    <RuleID>TEK_IS_Rule_3</RuleID>
    <RuleName>Validate Branch Step</RuleName>
    <Description>Check for Branch Step Usage,Evaluate Label property</Description>
    <isReport>true</isReport>
  </Rule>
  <Rule>
    <RuleID>TEK_IS_Rule_31</RuleID>
    <RuleName>Check Exit Step Level property </RuleName>
    <isReport>true</isReport>
  </Rule>
</RuleList>
<RuleList>
  <Category>Security Settings</Category>
  <Rule>
    <RuleID>TEK_IS_Rule_6</RuleID>
    <RuleName>Execute ACL is set for the Top Level Service</RuleName>
    <AttributeList>
      <AttValue>Internal</AttValue>
    </AttributeList>
  </Rule>
  <Rule>
    <RuleID>TEK_IS_Rule_19</RuleID>
    <RuleName>Configuration: Usage of webService alias in webService Connectors</RuleName>
  </Rule>
</RuleList>
<RuleList>
  <Category>Service Properties Validation</Category>
  <Rule>
    <RuleID>TEK_IS_Rule_11</RuleID>
    <RuleName>Evaluate Stateless property</RuleName>
    <AttributeList>
      <AttValue>true</AttValue>
    </AttributeList>
  </Rule>
  <Rule>
    <RuleID>TEK_IS_Rule_29</RuleID>
    <RuleName>Check whether the minimum connection pool size is 0 </RuleName>
  </Rule>
  <Rule>
    <RuleID>TEK_IS_Rule_25</RuleID>
    <RuleName>Check PSUtilities Services References</RuleName>
    <AttributeList>
      <AttValue>WmPublic</AttValue>
    </AttributeList>
  </Rule>
  <Rule>
    <RuleID>TEK_IS_Rule_10</RuleID>
    <RuleName>Check Package Dependencies</RuleName>
    <AttributeList>
      <AttValue>SOAP 1.2 Protocol</AttValue>
    </AttributeList>
  </Rule>
  <Rule>
    <RuleID>TEK_IS_Rule_12</RuleID>
    <RuleName>Evaluate Audit property - Set to true</RuleName>
    <AttributeList>
      <AttValue>false</AttValue>
    </AttributeList>
  </Rule>
</RuleList>
<RuleList>
  <Category>Trigger Validations</Category>
  <Rule>
    <RuleID>TEK_IS_Rule_26</RuleID>
    <RuleName>Check whether JMS trigger service uses &quot;pub.jms:triggerSpec&quot;</RuleName>
  </Rule>
  <Rule>
    <RuleID>TEK_IS_Rule_27</RuleID>
    <RuleName>Check whether broker trigger service input is having fully qualified name</RuleName>
  </Rule>
  <Rule>
    <RuleID>TEK_IS_Rule_17</RuleID>
    <RuleName>Triggers: Usage of Lexical parameters</RuleName>
    <AttributeList>
      <AttValue>L_EQUALS,L_NOT_EQUALS,L_LESS_THAN,L_LESS_OR_EQUAL,L_GREATER_THAN,L_GREATER_OR_EQUAL</AttValue>
      <AttValue>=,==,!=,&lt;&gt;,&gt;,&gt;=,&lt;,&lt;=</AttValue>
    </AttributeList>
  </Rule>
</RuleList>
<RuleList>
  <Category>CCS Custom Rules</Category>
  <Rule>
    <RuleID>CCS_IS_Rule_1</RuleID>
    <RuleName>Check Package name convention </RuleName>
    <AttributeList>
      <AttValue>CCS</AttValue>
    </AttributeList>
  </Rule>
  <Rule>
    <RuleID>CCS_IS_Rule_2</RuleID>
    <RuleName>Check for variables which are not dropped</RuleName>
    <AttributeList>
      <AttValue>CCS</AttValue>
    </AttributeList>
    <isReport>true</isReport>
  </Rule>
  <Rule>
    <RuleID>CCS_IS_Rule_3</RuleID>
    <RuleName>Check Package and Folder naming Convention</RuleName>
    <AttributeList>
      <AttValue>CCS</AttValue>
    </AttributeList>
    <isReport>true</isReport>
  </Rule>
  <Rule>
    <RuleID>CCS_IS_Rule_4</RuleID>
    <RuleName>Check Input Output Parameters </RuleName>
    <AttributeList>
      <AttValue>CCS</AttValue>
    </AttributeList>
    <isReport>true</isReport>
  </Rule>
  <Rule>
    <RuleID>CCS_IS_Rule_5</RuleID>
    <RuleName>Check Debug Level hard coding </RuleName>
    <AttributeList>
      <AttValue>CCS</AttValue>
    </AttributeList>
    <isReport>true</isReport>
  </Rule>
</RuleList>