<?xml version="1.0"?>
<RuleList>
  <Category>Flow Service Validations</Category>
  <Rule>
    <RuleID>TEK_IS_Rule_1</RuleID>
    <RuleName>Scan for disable steps</RuleName>
    <Description>Check for the steps which are disable in the services</Description>
    <isReport>true</isReport>
  </Rule>
  <Rule>
    <RuleID>TEK_IS_Rule_2</RuleID>
    <RuleName>Scan for non-standard services</RuleName>
    <Description>Check for the services invoking specified services</Description>
    <AttributeList>
      <AttValue>pub.file:getFile,</AttValue>
    </AttributeList>
    <isReport>true</isReport>
  </Rule>
  <Rule>
    <RuleID>TEK_IS_Rule_4</RuleID>
    <RuleName>Service preserve value in ClearPipeline step and output pipeline should match</RuleName>
    <isReport>true</isReport>
  </Rule>
</RuleList>