<?xml version="1.0" encoding="UTF-8"?>
<ServiceList>
	<Service>
		<ServiceName>wM.CodeReview.services:new_flowservice1</ServiceName>
		<ExtendedServiceName>wM.CodeReview.Extended.services:new_flowservice1</ExtendedServiceName>
	</Service>
	<Service>
		<ServiceName>wM.CodeReview.services:new_flowservice2</ServiceName>
		<ExtendedServiceName>wM.CodeReview.Extended.services:new_flowservice2</ExtendedServiceName>
	</Service>
	<AttributeList>
		<AttValue>
			CCS
		</AttValue>
    </AttributeList>
</ServiceList>