<?xml version="1.0" encoding="UTF-8"?>

<FLOW VERSION="3.0" CLEANUP="true">
  <COMMENT></COMMENT>

  <!-- nodes -->

<SEQUENCE TIMEOUT="" EXIT-ON="SUCCESS">
  <COMMENT></COMMENT>

  <!-- nodes -->

<SEQUENCE TIMEOUT="" EXIT-ON="FAILURE">
  <COMMENT></COMMENT>

  <!-- nodes -->

<LOOP TIMEOUT="" IN-ARRAY="/document/businessProcessDiagram/pool">
  <COMMENT></COMMENT>

  <!-- nodes -->

<BRANCH TIMEOUT="" SWITCH="/document/businessProcessDiagram/pool/terminateStep">
  <COMMENT></COMMENT>

  <!-- nodes -->

<SEQUENCE NAME="$default" TIMEOUT="" EXIT-ON="FAILURE">
  <COMMENT></COMMENT>

  <!-- nodes -->

<LOOP TIMEOUT="" IN-ARRAY="/document/businessProcessDiagram/pool/terminateStep">
  <COMMENT></COMMENT>

  <!-- nodes -->

<MAP TIMEOUT="" MODE="STANDALONE">
  <COMMENT></COMMENT>
  <MAPTARGET>

<Values version="2.0">
  <record name="xml" javaclass="com.wm.util.Values">
    <value name="node_type">record</value>
    <value name="is_public">false</value>
    <value name="field_type">record</value>
    <value name="field_dim">0</value>
    <value name="nillable">true</value>
    <value name="form_qualified">false</value>
    <value name="is_global">false</value>
    <array name="rec_fields" type="record" depth="1">
      <record javaclass="com.wm.util.Values">
        <value name="node_type">record</value>
        <value name="is_public">false</value>
        <value name="field_name">document</value>
        <value name="field_type">record</value>
        <value name="field_dim">0</value>
        <value name="nillable">true</value>
        <value name="form_qualified">false</value>
        <value name="is_global">false</value>
        <array name="rec_fields" type="record" depth="1">
        </array>
        <value name="modifiable">true</value>
      </record>
      <record javaclass="com.wm.util.Values">
        <value name="node_type">record</value>
        <value name="is_public">false</value>
        <value name="field_name">TerminateStepTemp</value>
        <value name="field_type">record</value>
        <value name="field_dim">0</value>
        <value name="nillable">true</value>
        <value name="form_qualified">false</value>
        <value name="is_global">false</value>
        <array name="rec_fields" type="record" depth="1">
          <record javaclass="com.wm.util.Values">
            <value name="node_type">record</value>
            <value name="node_comment"></value>
            <record name="node_hints" javaclass="com.wm.util.Values">
              <value name="field_usereditable">true</value>
              <value name="field_largerEditor">false</value>
              <value name="field_password">false</value>
            </record>
            <value name="is_public">false</value>
            <value name="field_name">name</value>
            <value name="field_type">string</value>
            <value name="field_dim">0</value>
            <array name="field_options" type="value" depth="1">
            </array>
            <value name="nillable">true</value>
            <value name="form_qualified">false</value>
            <value name="is_global">false</value>
          </record>
          <record javaclass="com.wm.util.Values">
            <value name="node_type">record</value>
            <value name="node_comment"></value>
            <record name="node_hints" javaclass="com.wm.util.Values">
              <value name="field_usereditable">true</value>
              <value name="field_largerEditor">false</value>
              <value name="field_password">false</value>
            </record>
            <value name="is_public">false</value>
            <value name="field_name">status</value>
            <value name="field_type">string</value>
            <value name="field_dim">0</value>
            <array name="field_options" type="value" depth="1">
            </array>
            <value name="nillable">true</value>
            <value name="form_qualified">false</value>
            <value name="is_global">false</value>
          </record>
        </array>
        <value name="modifiable">true</value>
      </record>
    </array>
    <value name="modifiable">true</value>
  </record>
</Values>
</MAPTARGET>
  <MAPSOURCE>

<Values version="2.0">
  <record name="xml" javaclass="com.wm.util.Values">
    <value name="node_type">record</value>
    <value name="is_public">false</value>
    <value name="field_type">record</value>
    <value name="field_dim">0</value>
    <value name="nillable">true</value>
    <value name="form_qualified">false</value>
    <value name="is_global">false</value>
    <array name="rec_fields" type="record" depth="1">
      <record javaclass="com.wm.util.Values">
        <value name="node_type">record</value>
        <value name="is_public">false</value>
        <value name="field_name">document</value>
        <value name="field_type">record</value>
        <value name="field_dim">0</value>
        <value name="nillable">true</value>
        <value name="form_qualified">false</value>
        <value name="is_global">false</value>
        <array name="rec_fields" type="record" depth="1">
          <record javaclass="com.wm.util.Values">
            <value name="node_type">record</value>
            <value name="is_public">false</value>
            <value name="field_name">businessProcessDiagram</value>
            <value name="field_type">record</value>
            <value name="field_dim">0</value>
            <value name="nillable">true</value>
            <value name="form_qualified">false</value>
            <value name="is_global">false</value>
            <array name="rec_fields" type="record" depth="1">
              <record javaclass="com.wm.util.Values">
                <value name="node_type">record</value>
                <value name="is_public">false</value>
                <value name="field_name">pool</value>
                <value name="field_type">record</value>
                <value name="field_dim">0</value>
                <value name="nillable">true</value>
                <value name="form_qualified">false</value>
                <value name="is_global">false</value>
                <array name="rec_fields" type="record" depth="1">
                  <record javaclass="com.wm.util.Values">
                    <value name="node_type">record</value>
                    <value name="is_public">false</value>
                    <value name="field_name">terminateStep</value>
                    <value name="field_type">record</value>
                    <value name="field_dim">0</value>
                    <value name="nillable">true</value>
                    <value name="form_qualified">false</value>
                    <value name="is_global">false</value>
                    <array name="rec_fields" type="record" depth="1">
                      <record javaclass="com.wm.util.Values">
                        <value name="node_type">record</value>
                        <value name="node_comment"></value>
                        <record name="node_hints" javaclass="com.wm.util.Values">
                          <value name="field_usereditable">true</value>
                          <value name="field_largerEditor">false</value>
                          <value name="field_password">false</value>
                        </record>
                        <value name="is_public">false</value>
                        <value name="field_name">@label</value>
                        <value name="field_type">string</value>
                        <value name="field_dim">0</value>
                        <array name="field_options" type="value" depth="1">
                        </array>
                        <value name="nillable">true</value>
                        <value name="form_qualified">false</value>
                        <value name="is_global">false</value>
                      </record>
                      <record javaclass="com.wm.util.Values">
                        <value name="node_type">record</value>
                        <value name="node_comment"></value>
                        <record name="node_hints" javaclass="com.wm.util.Values">
                          <value name="field_usereditable">true</value>
                          <value name="field_largerEditor">false</value>
                          <value name="field_password">false</value>
                        </record>
                        <value name="is_public">false</value>
                        <value name="field_name">@terminateStatus</value>
                        <value name="field_type">string</value>
                        <value name="field_dim">0</value>
                        <array name="field_options" type="value" depth="1">
                        </array>
                        <value name="nillable">true</value>
                        <value name="form_qualified">false</value>
                        <value name="is_global">false</value>
                      </record>
                    </array>
                    <value name="rec_closed">true</value>
                    <value name="modifiable">true</value>
                  </record>
                </array>
                <value name="modifiable">true</value>
              </record>
            </array>
            <value name="modifiable">true</value>
          </record>
        </array>
        <value name="modifiable">true</value>
      </record>
      <record javaclass="com.wm.util.Values">
        <value name="node_type">unknown</value>
        <value name="is_public">false</value>
        <value name="field_name">$iteration</value>
        <value name="field_type">string</value>
        <value name="field_dim">0</value>
        <value name="nillable">true</value>
        <value name="form_qualified">false</value>
        <value name="is_global">false</value>
      </record>
    </array>
    <value name="modifiable">true</value>
  </record>
</Values>
</MAPSOURCE>

  <!-- nodes -->

<MAPCOPY FROM="/document;2;0/businessProcessDiagram;2;0/pool;2;0/terminateStep;2;0/@label;1;0" TO="/TerminateStepTemp;2;0/name;1;0">
</MAPCOPY>

<MAPCOPY FROM="/document;2;0/businessProcessDiagram;2;0/pool;2;0/terminateStep;2;0/@terminateStatus;1;0" TO="/TerminateStepTemp;2;0/status;1;0">
</MAPCOPY>
</MAP>

<BRANCH TIMEOUT="" LABELEXPRESSIONS="true">
  <COMMENT></COMMENT>

  <!-- nodes -->

<MAP NAME="%TerminateStepTemp% != $null" TIMEOUT="" MODE="STANDALONE">
  <COMMENT></COMMENT>
  <MAPTARGET>

<Values version="2.0">
  <record name="xml" javaclass="com.wm.util.Values">
    <value name="node_type">record</value>
    <value name="is_public">false</value>
    <value name="field_type">record</value>
    <value name="field_dim">0</value>
    <value name="nillable">true</value>
    <value name="form_qualified">false</value>
    <value name="is_global">false</value>
    <array name="rec_fields" type="record" depth="1">
      <record javaclass="com.wm.util.Values">
        <value name="node_type">record</value>
        <value name="node_comment"></value>
        <record name="node_hints" javaclass="com.wm.util.Values">
          <value name="field_largerEditor">false</value>
          <value name="field_password">false</value>
        </record>
        <value name="is_public">false</value>
        <value name="field_name">document</value>
        <value name="field_type">record</value>
        <value name="field_dim">0</value>
        <value name="nillable">true</value>
        <value name="form_qualified">false</value>
        <value name="is_global">false</value>
        <array name="rec_fields" type="record" depth="1">
        </array>
        <value name="rec_closed">true</value>
        <value name="modifiable">true</value>
      </record>
      <record javaclass="com.wm.util.Values">
        <value name="node_type">record</value>
        <value name="is_public">false</value>
        <value name="field_name">BPMRuleCheckListTemp</value>
        <value name="field_type">record</value>
        <value name="field_dim">0</value>
        <value name="nillable">true</value>
        <value name="form_qualified">false</value>
        <value name="is_global">false</value>
        <array name="rec_fields" type="record" depth="1">
          <record javaclass="com.wm.util.Values">
            <value name="node_type">record</value>
            <value name="is_public">false</value>
            <value name="field_name">TerminateStep</value>
            <value name="field_type">record</value>
            <value name="field_dim">1</value>
            <value name="nillable">true</value>
            <value name="form_qualified">false</value>
            <value name="is_global">false</value>
            <value name="is_soap_array_encoding_used">false</value>
            <array name="rec_fields" type="record" depth="1">
            </array>
            <value name="modifiable">true</value>
          </record>
        </array>
        <value name="modifiable">true</value>
      </record>
    </array>
    <value name="modifiable">true</value>
  </record>
</Values>
</MAPTARGET>
  <MAPSOURCE>

<Values version="2.0">
  <record name="xml" javaclass="com.wm.util.Values">
    <value name="node_type">record</value>
    <value name="is_public">false</value>
    <value name="field_type">record</value>
    <value name="field_dim">0</value>
    <value name="nillable">true</value>
    <value name="form_qualified">false</value>
    <value name="is_global">false</value>
    <array name="rec_fields" type="record" depth="1">
      <record javaclass="com.wm.util.Values">
        <value name="node_type">record</value>
        <value name="node_comment"></value>
        <record name="node_hints" javaclass="com.wm.util.Values">
          <value name="field_largerEditor">false</value>
          <value name="field_password">false</value>
        </record>
        <value name="is_public">false</value>
        <value name="field_name">document</value>
        <value name="field_type">record</value>
        <value name="field_dim">0</value>
        <value name="nillable">true</value>
        <value name="form_qualified">false</value>
        <value name="is_global">false</value>
        <array name="rec_fields" type="record" depth="1">
        </array>
        <value name="rec_closed">true</value>
        <value name="modifiable">true</value>
      </record>
      <record javaclass="com.wm.util.Values">
        <value name="node_type">record</value>
        <value name="is_public">false</value>
        <value name="field_name">TerminateStepTemp</value>
        <value name="field_type">record</value>
        <value name="field_dim">0</value>
        <value name="nillable">true</value>
        <value name="form_qualified">false</value>
        <value name="is_global">false</value>
        <array name="rec_fields" type="record" depth="1">
          <record javaclass="com.wm.util.Values">
            <value name="node_type">unknown</value>
            <value name="is_public">false</value>
            <value name="field_name">name</value>
            <value name="field_type">string</value>
            <value name="field_dim">0</value>
            <value name="nillable">true</value>
            <value name="form_qualified">false</value>
            <value name="is_global">false</value>
          </record>
          <record javaclass="com.wm.util.Values">
            <value name="node_type">unknown</value>
            <value name="is_public">false</value>
            <value name="field_name">status</value>
            <value name="field_type">string</value>
            <value name="field_dim">0</value>
            <value name="nillable">true</value>
            <value name="form_qualified">false</value>
            <value name="is_global">false</value>
          </record>
        </array>
        <value name="modifiable">true</value>
      </record>
      <record javaclass="com.wm.util.Values">
        <value name="node_type">record</value>
        <value name="is_public">false</value>
        <value name="field_name">BPMRuleCheckListTemp</value>
        <value name="field_type">record</value>
        <value name="field_dim">0</value>
        <value name="nillable">true</value>
        <value name="form_qualified">false</value>
        <value name="is_global">false</value>
        <array name="rec_fields" type="record" depth="1">
          <record javaclass="com.wm.util.Values">
            <value name="node_type">record</value>
            <value name="is_public">false</value>
            <value name="field_name">TerminateStep</value>
            <value name="field_type">record</value>
            <value name="field_dim">1</value>
            <value name="nillable">true</value>
            <value name="form_qualified">false</value>
            <value name="is_global">false</value>
            <value name="is_soap_array_encoding_used">false</value>
            <array name="rec_fields" type="record" depth="1">
            </array>
            <value name="modifiable">true</value>
          </record>
        </array>
        <value name="modifiable">true</value>
      </record>
      <record javaclass="com.wm.util.Values">
        <value name="node_type">unknown</value>
        <value name="is_public">false</value>
        <value name="field_name">$iteration</value>
        <value name="field_type">string</value>
        <value name="field_dim">0</value>
        <value name="nillable">true</value>
        <value name="form_qualified">false</value>
        <value name="is_global">false</value>
      </record>
    </array>
    <value name="modifiable">true</value>
  </record>
</Values>
</MAPSOURCE>

  <!-- nodes -->

<MAPINVOKE SERVICE="pub.list:appendToDocumentList" VALIDATE-IN="$none" VALIDATE-OUT="$none" INVOKE-ORDER="0">

  <!-- nodes -->

<MAP MODE="INVOKEINPUT">

  <!-- nodes -->

<MAPCOPY FROM="/BPMRuleCheckListTemp;2;0/TerminateStep;2;1" TO="/toList;2;1">
</MAPCOPY>

<MAPCOPY FROM="/TerminateStepTemp;2;0" TO="/fromItem;2;0">
</MAPCOPY>
</MAP>

<MAP MODE="INVOKEOUTPUT">

  <!-- nodes -->

<MAPCOPY FROM="/toList;2;1" TO="/BPMRuleCheckListTemp;2;0/TerminateStep;2;1">
</MAPCOPY>
</MAP>
</MAPINVOKE>

<MAPDELETE FIELD="/TerminateStepTemp;2;0">
</MAPDELETE>
</MAP>
</BRANCH>
</LOOP>
</SEQUENCE>

<MAP NAME="$null" TIMEOUT="" MODE="STANDALONE">
  <COMMENT></COMMENT>
</MAP>

<BRANCH TIMEOUT="" SWITCH="/document/businessProcessDiagram/pool/container">
  <COMMENT></COMMENT>

  <!-- nodes -->

<SEQUENCE NAME="$default" TIMEOUT="" EXIT-ON="FAILURE">
  <COMMENT></COMMENT>

  <!-- nodes -->

<LOOP TIMEOUT="" IN-ARRAY="/document/businessProcessDiagram/pool/container/terminateStep">
  <COMMENT></COMMENT>

  <!-- nodes -->

<MAP TIMEOUT="" MODE="STANDALONE">
  <COMMENT></COMMENT>
  <MAPTARGET>

<Values version="2.0">
  <record name="xml" javaclass="com.wm.util.Values">
    <value name="node_type">record</value>
    <value name="is_public">false</value>
    <value name="field_type">record</value>
    <value name="field_dim">0</value>
    <value name="nillable">true</value>
    <value name="form_qualified">false</value>
    <value name="is_global">false</value>
    <array name="rec_fields" type="record" depth="1">
      <record javaclass="com.wm.util.Values">
        <value name="node_type">record</value>
        <value name="node_comment"></value>
        <record name="node_hints" javaclass="com.wm.util.Values">
          <value name="field_largerEditor">false</value>
          <value name="field_password">false</value>
        </record>
        <value name="is_public">false</value>
        <value name="field_name">document</value>
        <value name="field_type">record</value>
        <value name="field_dim">0</value>
        <value name="nillable">true</value>
        <value name="form_qualified">false</value>
        <value name="is_global">false</value>
        <array name="rec_fields" type="record" depth="1">
        </array>
        <value name="rec_closed">true</value>
        <value name="modifiable">true</value>
      </record>
      <record javaclass="com.wm.util.Values">
        <value name="node_type">record</value>
        <value name="is_public">false</value>
        <value name="field_name">TerminateStepTemp</value>
        <value name="field_type">record</value>
        <value name="field_dim">0</value>
        <value name="nillable">true</value>
        <value name="form_qualified">false</value>
        <value name="is_global">false</value>
        <array name="rec_fields" type="record" depth="1">
          <record javaclass="com.wm.util.Values">
            <value name="node_type">unknown</value>
            <value name="is_public">false</value>
            <value name="field_name">name</value>
            <value name="field_type">string</value>
            <value name="field_dim">0</value>
            <value name="nillable">true</value>
            <value name="form_qualified">false</value>
            <value name="is_global">false</value>
          </record>
          <record javaclass="com.wm.util.Values">
            <value name="node_type">unknown</value>
            <value name="is_public">false</value>
            <value name="field_name">status</value>
            <value name="field_type">string</value>
            <value name="field_dim">0</value>
            <value name="nillable">true</value>
            <value name="form_qualified">false</value>
            <value name="is_global">false</value>
          </record>
        </array>
        <value name="modifiable">true</value>
      </record>
      <record javaclass="com.wm.util.Values">
        <value name="node_type">record</value>
        <value name="is_public">false</value>
        <value name="field_name">BPMRuleCheckListTemp</value>
        <value name="field_type">record</value>
        <value name="field_dim">0</value>
        <value name="nillable">true</value>
        <value name="form_qualified">false</value>
        <value name="is_global">false</value>
        <array name="rec_fields" type="record" depth="1">
        </array>
        <value name="modifiable">true</value>
      </record>
    </array>
    <value name="modifiable">true</value>
  </record>
</Values>
</MAPTARGET>
  <MAPSOURCE>

<Values version="2.0">
  <record name="xml" javaclass="com.wm.util.Values">
    <value name="node_type">record</value>
    <value name="is_public">false</value>
    <value name="field_type">record</value>
    <value name="field_dim">0</value>
    <value name="nillable">true</value>
    <value name="form_qualified">false</value>
    <value name="is_global">false</value>
    <array name="rec_fields" type="record" depth="1">
      <record javaclass="com.wm.util.Values">
        <value name="node_type">record</value>
        <value name="node_comment"></value>
        <record name="node_hints" javaclass="com.wm.util.Values">
          <value name="field_largerEditor">false</value>
          <value name="field_password">false</value>
        </record>
        <value name="is_public">false</value>
        <value name="field_name">document</value>
        <value name="field_type">record</value>
        <value name="field_dim">0</value>
        <value name="nillable">true</value>
        <value name="form_qualified">false</value>
        <value name="is_global">false</value>
        <array name="rec_fields" type="record" depth="1">
          <record javaclass="com.wm.util.Values">
            <value name="node_type">record</value>
            <value name="is_public">false</value>
            <value name="field_name">businessProcessDiagram</value>
            <value name="field_type">record</value>
            <value name="field_dim">0</value>
            <value name="nillable">true</value>
            <value name="form_qualified">false</value>
            <value name="is_global">false</value>
            <array name="rec_fields" type="record" depth="1">
              <record javaclass="com.wm.util.Values">
                <value name="node_type">record</value>
                <value name="is_public">false</value>
                <value name="field_name">pool</value>
                <value name="field_type">record</value>
                <value name="field_dim">0</value>
                <value name="nillable">true</value>
                <value name="form_qualified">false</value>
                <value name="is_global">false</value>
                <array name="rec_fields" type="record" depth="1">
                  <record javaclass="com.wm.util.Values">
                    <value name="node_type">record</value>
                    <value name="is_public">false</value>
                    <value name="field_name">container</value>
                    <value name="field_type">record</value>
                    <value name="field_dim">0</value>
                    <value name="nillable">true</value>
                    <value name="form_qualified">false</value>
                    <value name="is_global">false</value>
                    <array name="rec_fields" type="record" depth="1">
                      <record javaclass="com.wm.util.Values">
                        <value name="node_type">record</value>
                        <value name="is_public">false</value>
                        <value name="field_name">terminateStep</value>
                        <value name="field_type">record</value>
                        <value name="field_dim">0</value>
                        <value name="nillable">true</value>
                        <value name="form_qualified">false</value>
                        <value name="is_global">false</value>
                        <array name="rec_fields" type="record" depth="1">
                          <record javaclass="com.wm.util.Values">
                            <value name="node_type">record</value>
                            <value name="node_comment"></value>
                            <record name="node_hints" javaclass="com.wm.util.Values">
                              <value name="field_usereditable">true</value>
                              <value name="field_largerEditor">false</value>
                              <value name="field_password">false</value>
                            </record>
                            <value name="is_public">false</value>
                            <value name="field_name">@label</value>
                            <value name="field_type">string</value>
                            <value name="field_dim">0</value>
                            <array name="field_options" type="value" depth="1">
                            </array>
                            <value name="nillable">true</value>
                            <value name="form_qualified">false</value>
                            <value name="is_global">false</value>
                          </record>
                          <record javaclass="com.wm.util.Values">
                            <value name="node_type">record</value>
                            <value name="node_comment"></value>
                            <record name="node_hints" javaclass="com.wm.util.Values">
                              <value name="field_usereditable">true</value>
                              <value name="field_largerEditor">false</value>
                              <value name="field_password">false</value>
                            </record>
                            <value name="is_public">false</value>
                            <value name="field_name">@terminateStatus</value>
                            <value name="field_type">string</value>
                            <value name="field_dim">0</value>
                            <array name="field_options" type="value" depth="1">
                            </array>
                            <value name="nillable">true</value>
                            <value name="form_qualified">false</value>
                            <value name="is_global">false</value>
                          </record>
                        </array>
                        <value name="rec_closed">true</value>
                        <value name="modifiable">true</value>
                      </record>
                    </array>
                    <value name="rec_closed">true</value>
                    <value name="modifiable">true</value>
                  </record>
                </array>
                <value name="modifiable">true</value>
              </record>
            </array>
            <value name="modifiable">true</value>
          </record>
        </array>
        <value name="rec_closed">true</value>
        <value name="modifiable">true</value>
      </record>
      <record javaclass="com.wm.util.Values">
        <value name="node_type">record</value>
        <value name="is_public">false</value>
        <value name="field_name">BPMRuleCheckListTemp</value>
        <value name="field_type">record</value>
        <value name="field_dim">0</value>
        <value name="nillable">true</value>
        <value name="form_qualified">false</value>
        <value name="is_global">false</value>
        <array name="rec_fields" type="record" depth="1">
        </array>
        <value name="modifiable">true</value>
      </record>
      <record javaclass="com.wm.util.Values">
        <value name="node_type">unknown</value>
        <value name="is_public">false</value>
        <value name="field_name">$iteration</value>
        <value name="field_type">string</value>
        <value name="field_dim">0</value>
        <value name="nillable">true</value>
        <value name="form_qualified">false</value>
        <value name="is_global">false</value>
      </record>
    </array>
    <value name="modifiable">true</value>
  </record>
</Values>
</MAPSOURCE>

  <!-- nodes -->

<MAPCOPY FROM="/document;2;0/businessProcessDiagram;2;0/pool;2;0/container;2;0/terminateStep;2;0/@label;1;0" TO="/TerminateStepTemp;2;0/name;1;0">
</MAPCOPY>

<MAPCOPY FROM="/document;2;0/businessProcessDiagram;2;0/pool;2;0/container;2;0/terminateStep;2;0/@terminateStatus;1;0" TO="/TerminateStepTemp;2;0/status;1;0">
</MAPCOPY>
</MAP>

<BRANCH TIMEOUT="" LABELEXPRESSIONS="true">
  <COMMENT></COMMENT>

  <!-- nodes -->

<MAP NAME="%TerminateStepTemp% != $null" TIMEOUT="" MODE="STANDALONE">
  <COMMENT></COMMENT>
  <MAPTARGET>

<Values version="2.0">
  <record name="xml" javaclass="com.wm.util.Values">
    <value name="node_type">record</value>
    <value name="is_public">false</value>
    <value name="field_type">record</value>
    <value name="field_dim">0</value>
    <value name="nillable">true</value>
    <value name="form_qualified">false</value>
    <value name="is_global">false</value>
    <array name="rec_fields" type="record" depth="1">
      <record javaclass="com.wm.util.Values">
        <value name="node_type">record</value>
        <value name="node_comment"></value>
        <record name="node_hints" javaclass="com.wm.util.Values">
          <value name="field_largerEditor">false</value>
          <value name="field_password">false</value>
        </record>
        <value name="is_public">false</value>
        <value name="field_name">document</value>
        <value name="field_type">record</value>
        <value name="field_dim">0</value>
        <value name="nillable">true</value>
        <value name="form_qualified">false</value>
        <value name="is_global">false</value>
        <array name="rec_fields" type="record" depth="1">
        </array>
        <value name="rec_closed">true</value>
        <value name="modifiable">true</value>
      </record>
      <record javaclass="com.wm.util.Values">
        <value name="node_type">record</value>
        <value name="is_public">false</value>
        <value name="field_name">BPMRuleCheckListTemp</value>
        <value name="field_type">record</value>
        <value name="field_dim">0</value>
        <value name="nillable">true</value>
        <value name="form_qualified">false</value>
        <value name="is_global">false</value>
        <array name="rec_fields" type="record" depth="1">
          <record javaclass="com.wm.util.Values">
            <value name="node_type">record</value>
            <value name="is_public">false</value>
            <value name="field_name">TerminateStep</value>
            <value name="field_type">record</value>
            <value name="field_dim">1</value>
            <value name="nillable">true</value>
            <value name="form_qualified">false</value>
            <value name="is_global">false</value>
            <value name="is_soap_array_encoding_used">false</value>
            <array name="rec_fields" type="record" depth="1">
            </array>
            <value name="modifiable">true</value>
          </record>
        </array>
        <value name="modifiable">true</value>
      </record>
    </array>
    <value name="modifiable">true</value>
  </record>
</Values>
</MAPTARGET>
  <MAPSOURCE>

<Values version="2.0">
  <record name="xml" javaclass="com.wm.util.Values">
    <value name="node_type">record</value>
    <value name="is_public">false</value>
    <value name="field_type">record</value>
    <value name="field_dim">0</value>
    <value name="nillable">true</value>
    <value name="form_qualified">false</value>
    <value name="is_global">false</value>
    <array name="rec_fields" type="record" depth="1">
      <record javaclass="com.wm.util.Values">
        <value name="node_type">record</value>
        <value name="node_comment"></value>
        <record name="node_hints" javaclass="com.wm.util.Values">
          <value name="field_largerEditor">false</value>
          <value name="field_password">false</value>
        </record>
        <value name="is_public">false</value>
        <value name="field_name">document</value>
        <value name="field_type">record</value>
        <value name="field_dim">0</value>
        <value name="nillable">true</value>
        <value name="form_qualified">false</value>
        <value name="is_global">false</value>
        <array name="rec_fields" type="record" depth="1">
        </array>
        <value name="rec_closed">true</value>
        <value name="modifiable">true</value>
      </record>
      <record javaclass="com.wm.util.Values">
        <value name="node_type">record</value>
        <value name="is_public">false</value>
        <value name="field_name">TerminateStepTemp</value>
        <value name="field_type">record</value>
        <value name="field_dim">0</value>
        <value name="nillable">true</value>
        <value name="form_qualified">false</value>
        <value name="is_global">false</value>
        <array name="rec_fields" type="record" depth="1">
          <record javaclass="com.wm.util.Values">
            <value name="node_type">unknown</value>
            <value name="is_public">false</value>
            <value name="field_name">name</value>
            <value name="field_type">string</value>
            <value name="field_dim">0</value>
            <value name="nillable">true</value>
            <value name="form_qualified">false</value>
            <value name="is_global">false</value>
          </record>
          <record javaclass="com.wm.util.Values">
            <value name="node_type">unknown</value>
            <value name="is_public">false</value>
            <value name="field_name">status</value>
            <value name="field_type">string</value>
            <value name="field_dim">0</value>
            <value name="nillable">true</value>
            <value name="form_qualified">false</value>
            <value name="is_global">false</value>
          </record>
        </array>
        <value name="modifiable">true</value>
      </record>
      <record javaclass="com.wm.util.Values">
        <value name="node_type">record</value>
        <value name="is_public">false</value>
        <value name="field_name">BPMRuleCheckListTemp</value>
        <value name="field_type">record</value>
        <value name="field_dim">0</value>
        <value name="nillable">true</value>
        <value name="form_qualified">false</value>
        <value name="is_global">false</value>
        <array name="rec_fields" type="record" depth="1">
          <record javaclass="com.wm.util.Values">
            <value name="node_type">record</value>
            <value name="is_public">false</value>
            <value name="field_name">TerminateStep</value>
            <value name="field_type">record</value>
            <value name="field_dim">1</value>
            <value name="nillable">true</value>
            <value name="form_qualified">false</value>
            <value name="is_global">false</value>
            <value name="is_soap_array_encoding_used">false</value>
            <array name="rec_fields" type="record" depth="1">
            </array>
            <value name="modifiable">true</value>
          </record>
        </array>
        <value name="modifiable">true</value>
      </record>
      <record javaclass="com.wm.util.Values">
        <value name="node_type">unknown</value>
        <value name="is_public">false</value>
        <value name="field_name">$iteration</value>
        <value name="field_type">string</value>
        <value name="field_dim">0</value>
        <value name="nillable">true</value>
        <value name="form_qualified">false</value>
        <value name="is_global">false</value>
      </record>
    </array>
    <value name="modifiable">true</value>
  </record>
</Values>
</MAPSOURCE>

  <!-- nodes -->

<MAPINVOKE SERVICE="pub.list:appendToDocumentList" VALIDATE-IN="$none" VALIDATE-OUT="$none" INVOKE-ORDER="0">

  <!-- nodes -->

<MAP MODE="INVOKEINPUT">

  <!-- nodes -->

<MAPCOPY FROM="/BPMRuleCheckListTemp;2;0/TerminateStep;2;1" TO="/toList;2;1">
</MAPCOPY>

<MAPCOPY FROM="/TerminateStepTemp;2;0" TO="/fromItem;2;0">
</MAPCOPY>
</MAP>

<MAP MODE="INVOKEOUTPUT">

  <!-- nodes -->

<MAPCOPY FROM="/toList;2;1" TO="/BPMRuleCheckListTemp;2;0/TerminateStep;2;1">
</MAPCOPY>
</MAP>
</MAPINVOKE>

<MAPDELETE FIELD="/TerminateStepTemp;2;0">
</MAPDELETE>
</MAP>
</BRANCH>
</LOOP>
</SEQUENCE>

<MAP NAME="$null" TIMEOUT="" MODE="STANDALONE">
  <COMMENT></COMMENT>
</MAP>
</BRANCH>
</BRANCH>
</LOOP>
</SEQUENCE>

<SEQUENCE TIMEOUT="" EXIT-ON="DONE">
  <COMMENT></COMMENT>

  <!-- nodes -->

<INVOKE TIMEOUT="" SERVICE="pub.flow:getLastError" VALIDATE-IN="$none" VALIDATE-OUT="$none">
  <COMMENT></COMMENT>
</INVOKE>
</SEQUENCE>
</SEQUENCE>
</FLOW>
